<?xml version="1.0" encoding="UTF-8"?>
<Comprobante Version="3.3" Serie="MP" Fecha="2020-10-02T11:36:14" FormaPago="03" CondicionesDePago="D000023 Ref_Fact: 000092 Ref_Vta:000091" SubTotal="26531.08" Descuento="0.00" Moneda="MXN" TipoCambio="1" Total="30776.05" TipoDeComprobante="E" MetodoPago="PUE" LugarExpedicion="53398" xmlns:xsi="http://www.w3.org/2001/XMLSchema-instance" xsi:noNamespaceSchemaLocation="https://facturador.zendesk.com/hc/es/articles/115002595691-XSD-Emision-3-3/XML_Dotnet_3.3.xsd">
<CfdiRelacionados TipoRelacion="01"> 
    <CfdiRelacionado UUID="86277CAE-BED7-4A80-A03F-6E7E606D79BA"/> 
    <CfdiRelacionado UUID="3F97A046-98B7-401F-91CC-5C2B2C3807DD"/>
    <CfdiRelacionado UUID="65D4BA0E-27C8-430B-83C3-5E4185834038"/>
</CfdiRelacionados>

    <Emisor Rfc="GOYA780416GM0" RegimenFiscal="612"/>
    <Receptor Rfc="LAN7008173R5" Nombre="VENTA AL PUBLICO EN GENERAL" UsoCFDI="G02">
        <Domicilio Calle="BLVD. MANUEL AVILA CAMACHO #6A ESQ.JOSELILLO P-11B" Colonia="LOMAS DE SOTELO" Localidad="NAUCALPAN DE JUAREZ" Pais="MEXICO" CodigoPostal="53390"/>
    </Receptor>
    <Conceptos>
        <Concepto ClaveProdServ="43191600" NoIdentificacion="TEL CEL MOT G8POL 64GB" Cantidad="1" ClaveUnidad="H87" Unidad="PIEZA" Descripcion='MOTOROLA G8 POWER LITE 64GB' ValorUnitario="3412.97" Importe="3412.97" Descuento="0">
            <Impuestos>
                <Impuesto TipoImpuesto="Traslado" Base="3412.97" Impuesto="002" TipoFactor="Tasa" TasaOCuota="0.160000" Importe="546.08"/>
            </Impuestos>
        </Concepto>
        <Concepto ClaveProdServ="43191501" NoIdentificacion="TEL CEL SMG S10 128" Cantidad="1" ClaveUnidad="H87" Unidad="PIEZA" Descripcion='SAMSUNG GALAXY S10 128GB' ValorUnitario="13561.21" Importe="13561.21" Descuento="0">
            <Impuestos>
                <Impuesto TipoImpuesto="Traslado" Base="13561.21" Impuesto="002" TipoFactor="Tasa" TasaOCuota="0.160000" Importe="2169.79"/>
            </Impuestos>
        </Concepto>
        <Concepto ClaveProdServ="43191600" NoIdentificacion="TEL CEL XMI PF2P 128GB" Cantidad="1" ClaveUnidad="H87" Unidad="PIEZA" Descripcion='XIAOMI POCOPHONE F2 PRO DUAL 128GB' ValorUnitario="9556.90" Importe="9556.90" Descuento="0">
            <Impuestos>
                <Impuesto TipoImpuesto="Traslado" Base="9556.90" Impuesto="002" TipoFactor="Tasa" TasaOCuota="0.160000" Importe="1529.10"/>
            </Impuestos>
        </Concepto>
    </Conceptos>
    <AddendaFE TipoCFD="Nota de Credito"/>
</Comprobante>