<?xml version="1.0" encoding="UTF-8"?><Catalogo><Libro id="bk101"><Titulo>XML Developer's Guide</Titulo><Autor>Gambardella, Matthew</Autor><Genero>Computer</Genero><Precio>44.95</Precio><FechaPublicacion>2000-10-01</FechaPublicacion><Descripcion>An in-depth look at creating applications with XML.</Descripcion></Libro><Libro id="bk102"><Titulo>Midnight Rain</Titulo><Autor>Ralls, Kim</Autor><Genero>Fantasy</Genero><Precio>5.95</Precio><FechaPublicacion>2000-12-16</FechaPublicacion><Descripcion>A former architect battles corporate zombies, an evil sorceress, and her own
            childhood to become queen of the world.</Descripcion></Libro><Libro id="bk103"><Titulo>Maeve Ascendant</Titulo><Autor>Corets, Eva</Autor><Genero>Fantasy</Genero><Precio>5.95</Precio><FechaPublicacion>2000-11-17</FechaPublicacion><Descripcion>After the collapse of a nanotechnology society in England, the young survivors
            lay the foundation for a new society.</Descripcion></Libro><Libro id="bk104"><Titulo>Oberon's Legacy</Titulo><Autor>Corets, Eva</Autor><Genero>Fantasy</Genero><Precio>5.95</Precio><FechaPublicacion>2001-03-10</FechaPublicacion><Descripcion>In post-apocalypse England, the mysterious agent known only as Oberon helps to
            create a new life for the inhabitants of London. Sequel to Maeve Ascendant.</Descripcion></Libro><Libro id="bk105"><Titulo>The Sundered Grail</Titulo><Autor>Corets, Eva</Autor><Genero>Fantasy</Genero><Precio>5.95</Precio><FechaPublicacion>2001-09-10</FechaPublicacion><Descripcion>The two daughters of Maeve, half-sisters, battle one another for control of
            England. Sequel to Oberon's Legacy.</Descripcion></Libro><Libro id="bk106"><Titulo>Lover Birds</Titulo><Autor>Randall, Cynthia</Autor><Genero>Romance</Genero><Precio>4.95</Precio><FechaPublicacion>2000-09-02</FechaPublicacion><Descripcion>When Carla meets Paul at an ornithology conference, tempers fly as feathers get
            ruffled.</Descripcion></Libro><Libro id="bk107"><Titulo>Splish Splash</Titulo><Autor>Thurman, Paula</Autor><Genero>Romance</Genero><Precio>4.95</Precio><FechaPublicacion>2000-11-02</FechaPublicacion><Descripcion>A deep sea diver finds true love twenty thousand leagues beneath the sea.</Descripcion></Libro><Libro id="bk108"><Titulo>Creepy Crawlies</Titulo><Autor>Knorr, Stefan</Autor><Genero>Horror</Genero><Precio>4.95</Precio><FechaPublicacion>2000-12-06</FechaPublicacion><Descripcion>An anthology of horror stories about roaches, centipedes, scorpions and other
            insects.</Descripcion></Libro><Libro id="bk109"><Titulo>Paradox Lost</Titulo><Autor>Kress, Peter</Autor><Genero>Science Fiction</Genero><Precio>6.95</Precio><FechaPublicacion>2000-11-02</FechaPublicacion><Descripcion>After an inadvertant trip through a Heisenberg Uncertainty Device, James Salway
            discovers the problems of being quantum.</Descripcion></Libro><Libro id="bk110"><Titulo>Microsoft .NET: The Programming Bible</Titulo><Autor>O'Brien, Tim</Autor><Genero>Computer</Genero><Precio>36.95</Precio><FechaPublicacion>2000-12-09</FechaPublicacion><Descripcion>Microsoft's .NET initiative is explored in detail in this deep programmer's
            reference.</Descripcion></Libro><Libro id="bk111"><Titulo>MSXML3: A Comprehensive Guide</Titulo><Autor>O'Brien, Tim</Autor><Genero>Computer</Genero><Precio>36.95</Precio><FechaPublicacion>2000-12-01</FechaPublicacion><Descripcion>The Microsoft MSXML3 parser is covered in detail, with attention to XML DOM
            interfaces, XSLT processing, SAX and more.</Descripcion></Libro><Libro id="bk112"><Titulo>Visual Studio 7: A Comprehensive Guide</Titulo><Autor>Galos, Mike</Autor><Genero>Computer</Genero><Precio>49.95</Precio><FechaPublicacion>2001-04-16</FechaPublicacion><Descripcion>Microsoft Visual Studio 7 is explored in depth, looking at how Visual Basic,
            Visual C++, C#, and ASP+ are integrated into a comprehensive development environment.</Descripcion></Libro></Catalogo>